Workbook

Sheet README
A1: Anonymised data: Interactive Computational Demonstrations for Enhancing Conceptual Understanding in Engineering Mathematics (T4E 2026, submission 32)
A2: Version 2, 10 Oct 2026. Author: Khimya Amlani (ORCID 0000-0003-0034-2388), First Year Engineering, Vidyalankar Institute of Technology, Mumbai, India.
A4: Context
A5: Second-year B.Tech. Electronics and Telecommunication (EXTC), academic year 2025–26, two divisions (A and B) of 75 students each. The demonstrations were used in Engineering Mathematics-III (semester III, Laplace) and Mathematics Through Communication (MTC, semester IV, January–April 2026; SVD and vectors/ANC). All data come from routine course activities.
A7: Anonymisation
A8: All names, e-mail addresses, roll numbers, submission links and links to student code have been removed. Students are identified only by codes S01–S64 (quiz) and projects by A-01…A-17 and B-01…B-12 (division + upload order). Project titles are kept as submitted, except that one product name chosen by a student group was removed (B-06, B-07) and one title garbled in export was repaired (B-09). Team sizes and quiz completion times are kept; they cannot identify a student outside the class.
A9: The original records (Microsoft Forms and MS Teams exports) are held by the author and can be shown to the programme chairs on request.
A11: Not included
A12: Laplace worksheet answers (W): discussed orally in class, not scored or kept. Instructor observation (O): informal, no protocol or written log. Groups that presented their mini-project in class without uploading it to MS Teams.
A14: Sheets
A15: Quiz_responses: vector-basics quiz (10 MCQ, 1 mark each), Division B, regular class on 26 Mar 2026; every student present that day took it (64 of 75 enrolled). Item Q6 was mis-keyed in the form (the correct option scored 0); column M re-scores it and Corrected_total uses the corrected Q6.
A16: Quiz_items: number and proportion correct per item (Q6 after correction).
... A32: Cite as: Amlani, K.: Anonymised data for "Interactive Computational Demonstrations for Enhancing Conceptual Understanding in Engineering Mathematics" (version 2) (2026). https://github.com/Khimya-Amlani/T4E2026-interactive-demos

Sheet Quiz_responses
A1: Student | B1: Q1 | C1: Q2 | D1: Q3 | E1: Q4 | F1: Q5 | G1: Q6 | H1: Q7 | I1: Q8 | J1: Q9 | K1: Q10 | L1: Total as auto-graded | M1: Q6 corrected | N1: Corrected_total | O1: Minutes taken
A2: S01 | B2: 1 | C2: 1 | D2: 1 | E2: 1 | F2: 1 | G2: 0 | H2: 1 | I2: 1 | J2: 1 | K2: 1 | L2: =SUM(B2:K2) -> 9 | M2: 1 | N2: =L2-G2+M2 -> 10 | O2: 2
A3: S02 | B3: 1 | C3: 1 | D3: 1 | E3: 1 | F3: 1 | G3: 0 | H3: 1 | I3: 1 | J3: 1 | K3: 1 | L3: =SUM(B3:K3) -> 9 | M3: 1 | N3: =L3-G3+M3 -> 10 | O3: 2
A4: S03 | B4: 1 | C4: 1 | D4: 1 | E4: 1 | F4: 1 | G4: 0 | H4: 1 | I4: 1 | J4: 1 | K4: 1 | L4: =SUM(B4:K4) -> 9 | M4: 1 | N4: =L4-G4+M4 -> 10 | O4: 2
A5: S04 | B5: 1 | C5: 1 | D5: 1 | E5: 1 | F5: 1 | G5: 0 | H5: 1 | I5: 1 | J5: 1 | K5: 1 | L5: =SUM(B5:K5) -> 9 | M5: 1 | N5: =L5-G5+M5 -> 10 | O5: 1
A6: S05 | B6: 1 | C6: 1 | D6: 1 | E6: 1 | F6: 1 | G6: 0 | H6: 1 | I6: 1 | J6: 1 | K6: 1 | L6: =SUM(B6:K6) -> 9 | M6: 1 | N6: =L6-G6+M6 -> 10 | O6: 3
A7: S06 | B7: 1 | C7: 0 | D7: 1 | E7: 1 | F7: 1 | G7: 0 | H7: 1 | I7: 1 | J7: 1 | K7: 1 | L7: =SUM(B7:K7) -> 8 | M7: 1 | N7: =L7-G7+M7 -> 9 | O7: 3
A8: S07 | B8: 1 | C8: 1 | D8: 1 | E8: 1 | F8: 1 | G8: 0 | H8: 1 | I8: 1 | J8: 1 | K8: 1 | L8: =SUM(B8:K8) -> 9 | M8: 1 | N8: =L8-G8+M8 -> 10 | O8: 4
A9: S08 | B9: 1 | C9: 1 | D9: 1 | E9: 1 | F9: 1 | G9: 0 | H9: 1 | I9: 1 | J9: 1 | K9: 1 | L9: =SUM(B9:K9) -> 9 | M9: 1 | N9: =L9-G9+M9 -> 10 | O9: 3
A10: S09 | B10: 1 | C10: 1 | D10: 1 | E10: 1 | F10: 1 | G10: 0 | H10: 1 | I10: 1 | J10: 1 | K10: 1 | L10: =SUM(B10:K10) -> 9 | M10: 1 | N10: =L10-G10+M10 -> 10 | O10: 3
A11: S10 | B11: 1 | C11: 1 | D11: 1 | E11: 1 | F11: 1 | G11: 0 | H11: 1 | I11: 1 | J11: 1 | K11: 1 | L11: =SUM(B11:K11) -> 9 | M11: 1 | N11: =L11-G11+M11 -> 10 | O11: 4
A12: S11 | B12: 1 | C12: 1 | D12: 1 | E12: 1 | F12: 1 | G12: 0 | H12: 1 | I12: 1 | J12: 1 | K12: 1 | L12: =SUM(B12:K12) -> 9 | M12: 1 | N12: =L12-G12+M12 -> 10 | O12: 2
A13: S12 | B13: 1 | C13: 1 | D13: 1 | E13: 1 | F13: 1 | G13: 0 | H13: 1 | I13: 1 | J13: 1 | K13: 1 | L13: =SUM(B13:K13) -> 9 | M13: 1 | N13: =L13-G13+M13 -> 10 | O13: 3
... A65: S64 | B65: 1 | C65: 1 | D65: 1 | E65: 1 | F65: 1 | G65: 0 | H65: 1 | I65: 1 | J65: 1 | K65: 1 | L65: =SUM(B65:K65) -> 9 | M65: 1 | N65: =L65-G65+M65 -> 10 | O65: 3

Sheet Quiz_items
A1: Item | B1: Question | C1: Correct (n) | D1: Proportion correct | E1: Note
A2: Q1 | B2: What is a vector? | C2: =SUM(Quiz_responses!B2:B65) -> 63 | D2: =C2/COUNT(Quiz_responses!B2:B65) -> 0.984375
A3: Q2 | B3: In a 2D coordinate system, which of the following correctly represents a vector? | C3: =SUM(Quiz_responses!C2:C65) -> 61 | D3: =C3/COUNT(Quiz_responses!C2:C65) -> 0.953125
A4: Q3 | B4: When you add two vectors, what is the geometric interpretation? | C4: =SUM(Quiz_responses!D2:D65) -> 62 | D4: =C4/COUNT(Quiz_responses!D2:D65) -> 0.96875
A5: Q4 | B5: What does scalar multiplication of a vector do? | C5: =SUM(Quiz_responses!E2:E65) -> 63 | D5: =C5/COUNT(Quiz_responses!E2:E65) -> 0.984375
A6: Q5 | B6: Two vectors are considered equal if: | C6: =SUM(Quiz_responses!F2:F65) -> 64 | D6: =C6/COUNT(Quiz_responses!F2:F65) -> 1
A7: Q6 | B7: A physics student and a computer scientist both work with vectors. What is likely different about their perspectives? | C7: =SUM(Quiz_responses!M2:M65) -> 62 | D7: =C7/COUNT(Quiz_responses!M2:M65) -> 0.96875 | E7: Mis-keyed in form; counted here with the correct key
A8: Q7 | B8: If vector v = (1, 2) and vector w = (3, -1), what is v+w? | C8: =SUM(Quiz_responses!H2:H65) -> 64 | D8: =C8/COUNT(Quiz_responses!H2:H65) -> 1
A9: Q8 | B9: What happens to a vector when it is multiplied by the scalar 0? | C9: =SUM(Quiz_responses!I2:I65) -> 63 | D9: =C9/COUNT(Quiz_responses!I2:I65) -> 0.984375
A10: Q9 | B10: Which statement best describes the "zero vector"? | C10: =SUM(Quiz_responses!J2:J65) -> 63 | D10: =C10/COUNT(Quiz_responses!J2:J65) -> 0.984375
A11: Q10 | B11: Why is it said that vectors live in "vector space" rather than just a coordinate system? | C11: =SUM(Quiz_responses!K2:K65) -> 63 | D11: =C11/COUNT(Quiz_responses!K2:K65) -> 0.984375

Sheet Quiz_summary
A1: Measure | B1: Value | C1: Note
A2: Students enrolled, Division B | B2: 75 | C2: Given by instructor
A3: Students who took the quiz | B3: =COUNT(Quiz_responses!N2:N65) -> 64
A4: Response rate | B4: =B3/B2 -> 0.85333333
A5: Mean (corrected) | B5: =AVERAGE(Quiz_responses!N2:N65) -> 9.8125
A6: SD (corrected) | B6: =STDEV(Quiz_responses!N2:N65) -> 1.0215923 | C6: Sample SD (n-1)
A7: Median (corrected) | B7: =MEDIAN(Quiz_responses!N2:N65) -> 10
A8: Scored 10/10 | B8: =COUNTIF(Quiz_responses!N2:N65,10) -> 59
A9: Scored 9/10 | B9: =COUNTIF(Quiz_responses!N2:N65,9) -> 4
A10: Scored below 9 | B10: =COUNTIF(Quiz_responses!N2:N65,"<9") -> 1
A11: Share at full marks | B11: =B8/B3 -> 0.921875
A12: Mean as auto-graded (before correction) | B12: =AVERAGE(Quiz_responses!L2:L65) -> 8.84375
A13: Scored 2/10 | B13: =COUNTIF(Quiz_responses!N2:N65,2) -> 1 | C13: One student; most items wrong
A14: Lowest item proportion correct | B14: =MIN(Quiz_items!D2:D11) -> 0.953125
A15: Highest item proportion correct | B15: =MAX(Quiz_items!D2:D11) -> 1

Sheet Topic_list
A1: Code | B1: Suggested topic (Assignment 10) | C1: Counted projects that chose it
A2: P1 | B2: Noise Analysis in Communication Channel using Probability Distributions | C2: =COUNTIFS(Projects!$J$2:$J$30,A2,Projects!$H$2:$H$30,1) -> 2
A3: P2 | B3: Signal Representation using Vector Spaces | C3: =COUNTIFS(Projects!$J$2:$J$30,A3,Projects!$H$2:$H$30,1) -> 1
A4: P3 | B4: Evaluation of Real Integrals Using the Residue Theorem | C4: =COUNTIFS(Projects!$J$2:$J$30,A4,Projects!$H$2:$H$30,1) -> 1
A5: P4 | B5: Correlation-Based Signal Similarity Detector | C5: =COUNTIFS(Projects!$J$2:$J$30,A5,Projects!$H$2:$H$30,1) -> 8
A6: P5 | B6: (not chosen by any group; title not reproduced here) | C6: =COUNTIFS(Projects!$J$2:$J$30,A6,Projects!$H$2:$H$30,1) -> 0
A7: P6 | B7: (not chosen by any group; title not reproduced here) | C7: =COUNTIFS(Projects!$J$2:$J$30,A7,Projects!$H$2:$H$30,1) -> 0
A8: P7 | B8: Orthogonal Signal Generation using the Gram-Schmidt Process | C8: =COUNTIFS(Projects!$J$2:$J$30,A8,Projects!$H$2:$H$30,1) -> 2
A9: P8 | B9: Bayesian Decision Making for Signal Detection | C9: =COUNTIFS(Projects!$J$2:$J$30,A9,Projects!$H$2:$H$30,1) -> 1
A10: P9 | B10: (not chosen by any group; title not reproduced here) | C10: =COUNTIFS(Projects!$J$2:$J$30,A10,Projects!$H$2:$H$30,1) -> 0
A11: P10 | B11: Mini ML Model using Linear Algebra and Statistics | C11: =COUNTIFS(Projects!$J$2:$J$30,A11,Projects!$H$2:$H$30,1) -> 1
A13: Titles are taken from the project titles of groups that chose that code. P5, P6 and P9 were on the list but no group chose them. Neither noise cancellation nor SVD was on the list. Topics were presented by groups as a report and a presentation.

Sheet Projects
A1: Code | B1: Division | C1: Submitted | D1: Team size | E1: Project title | F1: Topic | G1: Duplicate of | H1: Counted (1/0) | I1: Note | J1: On topic list (Assignment 10) | K1: New students (not already counted)
A2: A-01 | B2: A | C2: 18 Apr 2026 | D2: 4 | E2: Bayesian Decision Making for Signal Detection | F2: PROB | H2: 1 | J2: P8 | K2: =IF(H2=1,D2,0) -> 4
A3: A-02 | B3: A | C3: 18 Apr 2026 | D3: 3 | E3: Entropy calculator | F3: INFO | H3: 1 | J3: No (own choice) | K3: =IF(H3=1,D3,0) -> 3
A4: A-03 | B4: A | C4: 19 Apr 2026 | D4: 3 | E4: Active Noise Cancellation | F4: VEC | H4: 1 | I4: Noise cancellation: group extended the instructor ANC applet | J4: No (own choice) | K4: =IF(H4=1,D4,0) -> 3
A5: A-04 | B5: A | C5: 19 Apr 2026 | D5: 2 | E5: Signal Detection using Correlation | F5: COR | H5: 1 | J5: P4 | K5: =IF(H5=1,D5,0) -> 2
A6: A-05 | B6: A | C6: 19 Apr 2026 | D6: 4 | E6: Noise Analysis in Communication Channel using Probability Distributions | F6: PROB | H6: 1 | J6: P1 | K6: =IF(H6=1,D6,0) -> 4
A7: A-06 | B7: A | C7: 19 Apr 2026 | D7: 4 | E7: Noise Analysis in Communication Channel using Probability Distributions | F7: PROB | G7: A-05 | H7: 0 | I7: Same group, same title, re-uploaded | J7: P1 | K7: =IF(H7=1,D7,0) -> 0
A8: A-07 | B8: A | C8: 19 Apr 2026 | D8: 3 | E8: Brain Tumor Detection using Image Processing and Statistical Analysis | F8: IMG | H8: 1 | I8: Image + statistics; no SVD | J8: No (own choice) | K8: =IF(H8=1,D8,0) -> 3
A9: A-08 | B9: A | C9: 19 Apr 2026 | D9: 2 | E9: Correlation-Based Signal Similarity Detector Using MATLAB | F9: COR | H9: 1 | J9: P4 | K9: =IF(H9=1,D9,0) -> 2
A10: A-09 | B10: A | C10: 19 Apr 2026 | D10: 1 | E10: Correlation - based Signal Similarity Detector | F10: COR | H10: 1 | J10: P4 | K10: =IF(H10=1,D10,0) -> 1
A11: A-10 | B11: A | C11: 19 Apr 2026 | D11: 4 | E11: Mini ML Model using Linear Algebra & Statistics for Network Channel Analysis | F11: PROB | H11: 1 | I11: Uses linear algebra inside an ML model; not counted as VEC | J11: P10 | K11: =IF(H11=1,D11,0) -> 4
A12: A-11 | B12: A | C12: 20 Apr 2026 | D12: 1 | E12: Correlation-Based Signal Similarity Detector | F12: COR | H12: 1 | J12: P4 | K12: =IF(H12=1,D12,0) -> 1
A13: A-12 | B13: A | C13: 20 Apr 2026 | D13: 4 | E13: Signal Representation using Vector Spaces | F13: VEC | H13: 1 | J13: P2 | K13: =IF(H13=1,D13,0) -> 4
A14: A-13 | B14: A | C14: 20 Apr 2026 | D14: 3 | E14: Probabilistic Analysis of an Algorithmic Trading Strategy | F14: PROB | H14: 1 | I14: One member also in A-12 | J14: No (own choice) | K14: 2
A15: A-14 | B15: A | C15: 20 Apr 2026 | D15: 3 | E15: Noise Analysis in Communication Channel using Probability Distributions | F15: PROB | H15: 1 | I15: Same title as A-05, different group | J15: P1 | K15: =IF(H15=1,D15,0) -> 3
A16: A-15 | B16: A | C16: 21 Apr 2026 | D16: 2 | E16: Correlation based signal similarity detector | F16: COR | H16: 1 | J16: P4 | K16: =IF(H16=1,D16,0) -> 2
A17: A-16 | B17: A | C17: 21 Apr 2026 | D17: 3 | E17: Correlation-based Signal Similarity Detector | F17: COR | H17: 1 | J17: P4 | K17: =IF(H17=1,D17,0) -> 3
A18: A-17 | B18: A | C18: 24 Apr 2026 | D18: 1 | E18: Driver Drowsiness Alert System using Eye Aspect Ratio and Logistic Regression. | F18: PROB | H18: 1 | I18: Logistic regression | J18: No (own choice) | K18: =IF(H18=1,D18,0) -> 1
A19: B-01 | B19: B | C19: 19 Apr 2026 | D19: 3 | E19: Visualization of Gram-Schmidt Orthonormalization using MATLAB | F19: VEC | H19: 1 | I19: Gram-Schmidt | J19: P7 | K19: =IF(H19=1,D19,0) -> 3
A20: B-02 | B20: B | C20: 21 Apr 2026 | D20: 3 | E20: Audio Noise Cancellation using LMS Adaptive Filtering and MATLAB | F20: VEC | H20: 1 | I20: Noise cancellation (LMS) | J20: No (own choice) | K20: =IF(H20=1,D20,0) -> 3
A21: B-03 | B21: B | C21: 22 Apr 2026 | D21: 2 | E21: Correlation-based Signal Similarity Detector | F21: COR | H21: 1 | J21: P4 | K21: =IF(H21=1,D21,0) -> 2
A22: B-04 | B22: B | C22: 23 Apr 2026 | D22: 3 | E22: Evaluation of Real Integrals Using the Residue Theorem | F22: RES | H22: 1 | J22: P3 | K22: =IF(H22=1,D22,0) -> 3
A23: B-05 | B23: B | C23: 24 Apr 2026 | D23: 3 | E23: Vector explorer | F23: VEC | H23: 1 | J23: No (own choice) | K23: =IF(H23=1,D23,0) -> 3
A24: B-06 | B24: B | C24: 24 Apr 2026 | D24: 4 | E24: [product name removed] - Behavioral Lie Detection System | F24: OTH | H24: 1 | I24: Product name in title removed for anonymity | J24: No (own choice) | K24: =IF(H24=1,D24,0) -> 4
A25: B-07 | B25: B | C25: 24 Apr 2026 | D25: 4 | E25: [product name removed] - Behavioral Lie Detection System | F25: OTH | G25: B-06 | H25: 0 | I25: Same group, same title, re-uploaded; product name in title removed | J25: No (own choice) | K25: =IF(H25=1,D25,0) -> 0
A26: B-08 | B26: B | C26: 25 Apr 2026 | D26: 4 | E26: Smart OCR Tool | F26: IMG | H26: 1 | I26: Character recognition; no SVD | J26: No (own choice) | K26: =IF(H26=1,D26,0) -> 4
A27: B-09 | B27: B | C27: 25 Apr 2026 | D27: 4 | E27: Smart Bus Frequency Optimization System Using Web Dashboard | F27: OTH | H27: 1 | I27: Same team as B-11; title repaired (letters "ti" lost in export) | J27: No (own choice) | K27: =IF(H27=1,D27,0) -> 4
A28: B-10 | B28: B | C28: 25 Apr 2026 | D28: 3 | E28: Correlation-Based Signal Similarity Detector | F28: COR | H28: 1 | J28: P4 | K28: =IF(H28=1,D28,0) -> 3
A29: B-11 | B29: B | C29: 25 Apr 2026 | D29: 4 | E29: Orthogonal Signal Generation using Gram-Schmidt Process in MATLAB | F29: VEC | H29: 1 | I29: Gram-Schmidt; same team as B-09 | J29: P7 | K29: 0
A30: B-12 | B30: B | C30: 30 Apr 2026 | D30: 1 | E30: Residue Therem | F30: RES | G30: B-04 | H30: 0 | I30: Same residue-theorem project uploaded again by one member of B-04 (confirmed by instructor) | J30: P3 | K30: =IF(H30=1,D30,0) -> 0

Sheet Projects_summary
A1: Topic | B1: Division A | C1: Division B | D1: Total | E1: Share of counted projects
A2: VEC | B2: =COUNTIFS(Projects!$F$2:$F$30,$A2,Projects!$B$2:$B$30,"A",Projects!$H$2:$H$30,1) -> 2 | C2: =COUNTIFS(Projects!$F$2:$F$30,$A2,Projects!$B$2:$B$30,"B",Projects!$H$2:$H$30,1) -> 4 | D2: =B2+C2 -> 6 | E2: =D2/$D$10 -> 0.23076923
A3: COR | B3: =COUNTIFS(Projects!$F$2:$F$30,$A3,Projects!$B$2:$B$30,"A",Projects!$H$2:$H$30,1) -> 6 | C3: =COUNTIFS(Projects!$F$2:$F$30,$A3,Projects!$B$2:$B$30,"B",Projects!$H$2:$H$30,1) -> 2 | D3: =B3+C3 -> 8 | E3: =D3/$D$10 -> 0.30769231
A4: PROB | B4: =COUNTIFS(Projects!$F$2:$F$30,$A4,Projects!$B$2:$B$30,"A",Projects!$H$2:$H$30,1) -> 6 | C4: =COUNTIFS(Projects!$F$2:$F$30,$A4,Projects!$B$2:$B$30,"B",Projects!$H$2:$H$30,1) -> 0 | D4: =B4+C4 -> 6 | E4: =D4/$D$10 -> 0.23076923
A5: INFO | B5: =COUNTIFS(Projects!$F$2:$F$30,$A5,Projects!$B$2:$B$30,"A",Projects!$H$2:$H$30,1) -> 1 | C5: =COUNTIFS(Projects!$F$2:$F$30,$A5,Projects!$B$2:$B$30,"B",Projects!$H$2:$H$30,1) -> 0 | D5: =B5+C5 -> 1 | E5: =D5/$D$10 -> 0.038461538
A6: IMG | B6: =COUNTIFS(Projects!$F$2:$F$30,$A6,Projects!$B$2:$B$30,"A",Projects!$H$2:$H$30,1) -> 1 | C6: =COUNTIFS(Projects!$F$2:$F$30,$A6,Projects!$B$2:$B$30,"B",Projects!$H$2:$H$30,1) -> 1 | D6: =B6+C6 -> 2 | E6: =D6/$D$10 -> 0.076923077
A7: RES | B7: =COUNTIFS(Projects!$F$2:$F$30,$A7,Projects!$B$2:$B$30,"A",Projects!$H$2:$H$30,1) -> 0 | C7: =COUNTIFS(Projects!$F$2:$F$30,$A7,Projects!$B$2:$B$30,"B",Projects!$H$2:$H$30,1) -> 1 | D7: =B7+C7 -> 1 | E7: =D7/$D$10 -> 0.038461538
A8: OTH | B8: =COUNTIFS(Projects!$F$2:$F$30,$A8,Projects!$B$2:$B$30,"A",Projects!$H$2:$H$30,1) -> 0 | C8: =COUNTIFS(Projects!$F$2:$F$30,$A8,Projects!$B$2:$B$30,"B",Projects!$H$2:$H$30,1) -> 2 | D8: =B8+C8 -> 2 | E8: =D8/$D$10 -> 0.076923077
A10: Counted projects | B10: =SUM(B2:B9) -> 16 | C10: =SUM(C2:C9) -> 10 | D10: =SUM(D2:D9) -> 26
A11: Submissions received | B11: =COUNTIF(Projects!$B$2:$B$30,"A") -> 17 | C11: =COUNTIF(Projects!$B$2:$B$30,"B") -> 12 | D11: =B11+C11 -> 29
A12: Duplicates removed | B12: =B11-B10 -> 1 | C12: =C11-C10 -> 2 | D12: =D11-D10 -> 3
A13: Projects using SVD | D13: 0 | E13: Checked from titles; SVD was not a project topic
A14: Counted projects on topic list | B14: =COUNTIFS(Projects!$B$2:$B$30,"A",Projects!$H$2:$H$30,1,Projects!$J$2:$J$30,"P*") -> 11 | C14: =COUNTIFS(Projects!$B$2:$B$30,"B",Projects!$H$2:$H$30,1,Projects!$J$2:$J$30,"P*") -> 5 | D14: =B14+C14 -> 16
A15: Counted projects of own choice | B15: =B10-B14 -> 5 | C15: =C10-C14 -> 5 | D15: =D10-D14 -> 10
A16: VEC projects on topic list | B16: =COUNTIFS(Projects!$F$2:$F$30,"VEC",Projects!$B$2:$B$30,"A",Projects!$H$2:$H$30,1,Projects!$J$2:$J$30,"P*") -> 1 | C16: =COUNTIFS(Projects!$F$2:$F$30,"VEC",Projects!$B$2:$B$30,"B",Projects!$H$2:$H$30,1,Projects!$J$2:$J$30,"P*") -> 2 | D16: =B16+C16 -> 3
A17: VEC projects of own choice | B17: =COUNTIFS(Projects!$F$2:$F$30,"VEC",Projects!$B$2:$B$30,"A",Projects!$H$2:$H$30,1)-B16 -> 1 | C17: =COUNTIFS(Projects!$F$2:$F$30,"VEC",Projects!$B$2:$B$30,"B",Projects!$H$2:$H$30,1)-C16 -> 2 | D17: =B17+C17 -> 3 | E17: Includes the two noise-cancellation projects (A-03, B-02)
A18: Distinct students in counted projects | B18: =SUMIF(Projects!$B$2:$B$30,"A",Projects!$K$2:$K$30) -> 42 | C18: =SUMIF(Projects!$B$2:$B$30,"B",Projects!$K$2:$K$30) -> 29 | D18: =B18+C18 -> 71 | E18: Team sizes, with shared members counted once ("about 70" in the paper)

Sheet Paper_check
A1: Statement in paper | B1: Section | C1: From this data | D1: Value in paper | E1: Check | F1: Note
A2: Students enrolled per division | B2: 4, Table 1 | C2: =Quiz_summary!B2 -> 75 | D2: 75 | E2: =IF(C2=D2,"OK","CHECK") -> OK
A3: Students who took the vector quiz (Div. B) | B3: 5.1, Table 1 | C3: =Quiz_summary!B3 -> 64 | D3: 64 | E3: =IF(C3=D3,"OK","CHECK") -> OK
A4: Quiz: students at 10/10 | B4: 5.2 | C4: =Quiz_summary!B8 -> 59 | D4: 59 | E4: =IF(C4=D4,"OK","CHECK") -> OK
A5: Quiz: students at 9/10 | B5: 5.2 | C5: =Quiz_summary!B9 -> 4 | D5: 4 | E5: =IF(C5=D5,"OK","CHECK") -> OK
A6: Quiz: students at 2/10 | B6: 5.2 | C6: =Quiz_summary!B13 -> 1 | D6: 1 | E6: =IF(C6=D6,"OK","CHECK") -> OK
A7: Quiz mean (corrected) | B7: 5.2 | C7: =ROUND(Quiz_summary!B5,2) -> 9.81 | D7: 9.81 | E7: =IF(C7=D7,"OK","CHECK") -> OK
A8: Quiz SD (corrected) | B8: 5.2 | C8: =ROUND(Quiz_summary!B6,2) -> 1.02 | D8: 1.02 | E8: =IF(C8=D8,"OK","CHECK") -> OK
A9: Quiz median (corrected) | B9: 5.2 | C9: =Quiz_summary!B7 -> 10 | D9: 10 | E9: =IF(C9=D9,"OK","CHECK") -> OK
A10: Share at full marks | B10: 5.2 | C10: =ROUND(Quiz_summary!B11,2) -> 0.92 | D10: 0.92 | E10: =IF(C10=D10,"OK","CHECK") -> OK
A11: Lowest item proportion correct | B11: 5.2 | C11: =ROUND(Quiz_summary!B14,2) -> 0.95 | D11: 0.95 | E11: =IF(C11=D11,"OK","CHECK") -> OK
A12: Highest item proportion correct | B12: 5.2 | C12: =ROUND(Quiz_summary!B15,2) -> 1 | D12: 1 | E12: =IF(C12=D12,"OK","CHECK") -> OK
A13: Uploads received | B13: 5.1 | C13: =Projects_summary!D11 -> 29 | D13: 29 | E13: =IF(C13=D13,"OK","CHECK") -> OK
A14: Uploads, Division A | B14: Table 1 | C14: =Projects_summary!B11 -> 17 | D14: 17 | E14: =IF(C14=D14,"OK","CHECK") -> OK
A15: Projects counted, Division A | B15: Table 1 | C15: =Projects_summary!B10 -> 16 | D15: 16 | E15: =IF(C15=D15,"OK","CHECK") -> OK
A16: Uploads, Division B | B16: Table 1 | C16: =Projects_summary!C11 -> 12 | D16: 12 | E16: =IF(C16=D16,"OK","CHECK") -> OK
A17: Projects counted, Division B | B17: Table 1 | C17: =Projects_summary!C10 -> 10 | D17: 10 | E17: =IF(C17=D17,"OK","CHECK") -> OK
A18: Repeat uploads removed | B18: 5.1 | C18: =Projects_summary!D12 -> 3 | D18: 3 | E18: =IF(C18=D18,"OK","CHECK") -> OK
A19: Projects counted | B19: 5.3 | C19: =Projects_summary!D10 -> 26 | D19: 26 | E19: =IF(C19=D19,"OK","CHECK") -> OK
A20: Projects on a listed topic | B20: 5.3 | C20: =Projects_summary!D14 -> 16 | D20: 16 | E20: =IF(C20=D20,"OK","CHECK") -> OK
A21: Projects of own choice | B21: 5.3 | C21: =Projects_summary!D15 -> 10 | D21: 10 | E21: =IF(C21=D21,"OK","CHECK") -> OK
A22: Projects built on vectors (VEC) | B22: 5.3, Table 2 | C22: =Projects_summary!D2 -> 6 | D22: 6 | E22: =IF(C22=D22,"OK","CHECK") -> OK
A23: VEC on listed topics | B23: 5.3 | C23: =Projects_summary!D16 -> 3 | D23: 3 | E23: =IF(C23=D23,"OK","CHECK") -> OK
A24: VEC of own choice | B24: 5.3 | C24: =Projects_summary!D17 -> 3 | D24: 3 | E24: =IF(C24=D24,"OK","CHECK") -> OK
A25: Correlation-based detection projects | B25: 5.3 | C25: =Projects_summary!D3 -> 8 | D25: 8 | E25: =IF(C25=D25,"OK","CHECK") -> OK
A26: Image-based projects | B26: 5.3 | C26: =Projects_summary!D6 -> 2 | D26: 2 | E26: =IF(C26=D26,"OK","CHECK") -> OK
A27: Projects using SVD | B27: 5.3 | C27: =Projects_summary!D13 -> 0 | D27: 0 | E27: =IF(C27=D27,"OK","CHECK") -> OK
A28: Students in uploaded projects ("about 70") | B28: 5.1 | C28: =Projects_summary!D18 -> 71 | D28: 70 | E28: =IF(ABS(C28-D28)<=5,"OK","CHECK") -> OK | F28: Paper says "about 70"; data give the exact count
A29: Projects classed OTH (lie detection, bus dashboard) | B29: 5.3 | C29: =Projects_summary!D8 -> 2 | D29: not mentioned | E29: CHECK | F29: Paper lists the remaining topics as probability, information theory, residue theorem and image-based; add "and two others" to Section 5.3
A31: Blue = value as printed in the paper (version submitted Oct 2026).

Sheet Data_dictionary
A1: Sheet | B1: Column | C1: Meaning | D1: Values
A2: Quiz_responses | B2: Student | C2: Anonymous student code | D2: S01–S64
A3: Quiz_responses | B3: Q1–Q10 | C3: Item score as auto-graded by the form | D3: 1 = correct, 0 = wrong
A4: Quiz_responses | B4: Total as auto-graded | C4: Sum of Q1–Q10 as the form scored them | D4: 0–10
A5: Quiz_responses | B5: Q6 corrected | C5: Q6 re-scored with the correct key | D5: 1 / 0
A6: Quiz_responses | B6: Corrected_total | C6: Total with Q6 replaced by Q6 corrected | D6: 0–10
A7: Quiz_responses | B7: Minutes taken | C7: Completion time reported by the form, rounded to whole minutes | D7: 0 = under one minute
A8: Projects | B8: Code | C8: Upload code: division + order of upload | D8: A-01…A-17, B-01…B-12
A9: Projects | B9: Division | C9: Class division | D9: A / B
A10: Projects | B10: Submitted | C10: Upload date to MS Teams | D10: date
A11: Projects | B11: Team size | C11: Students named on the submission | D11: 1–4
A12: Projects | B12: Project title | C12: Title as submitted (see README for edits) | D12: text
... A17: Projects | B17: New students | C17: Students not already counted in an earlier project (shared members and repeat uploads = 0) | D17: integer
